-- ==========================================================
-- Données de test complètes
-- Ordre d'insertion : Roles -> Utilisateurs -> Lieux -> Modeles -> Babyfoots -> Matchs -> Historique_Elo -> Permissions
-- ==========================================================

-- 1. Roles
INSERT INTO roles ("role") VALUES 
('visiteur'),
('joueur'),
('organisateur'),
('admin');

-- 2. Utilisateurs
-- Les IDs sont auto-incrémentés. On suppose : Alice=1, Charlie=2, Bob=3, Diana=4, Gaelle=5
INSERT INTO Utilisateurs (pseudo, email, mot_de_passe, date_inscription, role, peut_moderer, date_naissance, organisme, nom_organisme, adresse_organisme, siret, est_valide, photo_profil, nombre_parties, nombre_victoires, nombre_defaites, elo_score, elo_min, elo_max, serie_victoires_actuelle, serie_victoires_max, date_derniere_activite) VALUES
('Alice','alice@test.com','motdepasse123','2025-11-24','joueur',false,NULL,NULL,NULL,NULL,NULL,true,NULL,2,1,0,1515,1500,1516,0,1,'2025-11-24 22:51:04'),
('Charlie','charlie@test.com','motdepasse123','2025-11-24','joueur',false,NULL,NULL,NULL,NULL,NULL,true,NULL,2,0,1,1485,1484,1500,0,0,'2025-11-24 22:51:04'),
('Bob','bob@test.com','motdepasse123','2025-11-24','joueur',false,NULL,NULL,NULL,NULL,NULL,true,NULL,2,1,1,1501,1484,1501,1,1,'2025-11-24 22:51:04'),
('Diana','diana@test.com','motdepasse123','2025-11-24','joueur',false,NULL,NULL,NULL,NULL,NULL,true,NULL,2,1,1,1499,1499,1516,0,1,'2025-11-24 22:51:04'),
('gaelle','gaelle.e.m.rousseau@gmail.com','SEPUR11_ADMIN','2025-12-13','admin',true,NULL,NULL,NULL,NULL,NULL,true,NULL,0,0,0,1500,1500,1500,0,0,NULL);

-- Ajout d'utilisateurs "bouchons" pour atteindre l'ID 7 utilisé dans la table Lieux
INSERT INTO Utilisateurs (pseudo, email, mot_de_passe, role) VALUES 
('user6', 'user6@test.com', 'pwd', 'joueur'),
('user7', 'user7@test.com', 'pwd', 'joueur');


-- 3. Lieux
INSERT INTO lieux (id_lieu, nom_lieu, adresse, ville, code_postal, pays, position_gps, id_utilisateur, xcoord, ycoord) VALUES
(1, 'Salle communale', NULL, 'Paris', NULL, NULL, NULL, NULL, NULL, NULL),
(76, 'La Mélangerie', '', 'Paris', NULL, 'France', '(2.3215682,48.8995108)'::point, 7, 2.3215682, 48.8995108),
(74, 'Pignon', '9 Rue Brochant', 'Paris', '75017', 'France', '(2.3170763,48.8884019)'::point, 7, 2.3170763, 48.8884019),
(75, 'NAVARRO PUB BAR A JEUX', '', 'Paris', NULL, 'France', '(2.3224644,48.8895545)'::point, 7, 2.3224644, 48.8895545),
(77, 'THE KOP BAR', '', 'Paris', NULL, 'France', '(2.333271,48.8974747)'::point, 7, 2.333271, 48.8974747),
(78, 'Les Petits Cons''', '', 'Paris', NULL, 'France', '(2.3290332,48.8903637)'::point, 7, 2.3290332, 48.8903637),
(79, 'DAME', '', 'Paris', NULL, 'France', '(2.3248261,48.8847777)'::point, 7, 2.3248261, 48.8847777),
(80, 'Le Boucan', '108 Boulevard de Clichy', 'Paris', '75018', 'France', '(2.331137,48.8844266)'::point, 7, 2.331137, 48.8844266),
(81, 'The Station', '96 Boulevard de Clichy', 'Paris', '75018', 'France', '(2.3318248,48.8842132)'::point, 7, 2.3318248, 48.8842132),
(82, 'KIEZ Biergarten Montmartre', '24 Rue Vauvenargues', 'Paris', '75018', 'France', '(2.3333468,48.8936104)'::point, 7, 2.3333468, 48.8936104),
(83, 'La Fourmi', '74 Rue des Martyrs', 'Paris', '75018', 'France', '(2.3397543,48.882304)'::point, 7, 2.3397543, 48.882304),
(84, 'L''Hélice Bar', '', 'Paris', NULL, 'France', '(2.3413328,48.8835412)'::point, 7, 2.3413328, 48.8835412),
(85, 'ADN Montmartre', '', 'Paris', NULL, 'France', '(2.3463987,48.8867811)'::point, 7, 2.3463987, 48.8867811),
(86, 'Au Clair de Lune', '', 'Paris', NULL, 'France', '(2.3474286,48.8869805)'::point, 7, 2.3474286, 48.8869805),
(87, 'The Playroom - Playce Hotel', '', 'Paris', NULL, 'France', '(2.3498456,48.888633)'::point, 7, 2.3498456, 48.888633),
(88, 'La Trincante', '', 'Paris', NULL, 'France', '(2.3478133,48.8915137)'::point, 7, 2.3478133, 48.8915137),
(89, 'TDTF Paris', '', 'Paris', NULL, 'France', '(2.3787238,48.8843428)'::point, 7, 2.3787238, 48.8843428),
(90, 'KIEZ Kanal', '', 'Paris', NULL, 'France', '(2.3791271,48.8873999)'::point, 7, 2.3791271, 48.8873999),
(91, 'LES MAH-BOULES', '', 'Paris', NULL, 'France', '(2.356407,48.8851036)'::point, 7, 2.356407, 48.8851036),
(92, 'Brasserie Barbès', '', 'Paris', NULL, 'France', '(2.3497388,48.884007)'::point, 7, 2.3497388, 48.884007),
(93, 'Le Multiplex Bar', '', 'Paris', NULL, 'France', '(2.3431325,48.8792013)'::point, 7, 2.3431325, 48.8792013),
(94, 'La Cantine Fabien', '', 'Paris', NULL, 'France', '(2.3697001,48.8777255)'::point, 7, 2.3697001, 48.8777255),
(95, 'Le 9b', '68 Boulevard de la Villette', 'Paris', '75019', 'France', '(2.3736599,48.8754344)'::point, 7, 2.3736599, 48.8754344),
(96, 'L''Escalier', '', 'Paris', NULL, 'France', '(2.3556977,48.8750828)'::point, 7, 2.3556977, 48.8750828),
(97, 'Le Dirty Queen', '', 'Paris', NULL, 'France', '(2.3541576,48.8747549)'::point, 7, 2.3541576, 48.8747549),
(98, 'Le Café Rouge', '', 'Paris', NULL, 'France', '(2.3543092,48.8744219)'::point, 7, 2.3543092, 48.8744219),
(99, 'L''Exode', '', 'Paris', NULL, 'France', '(2.3554365,48.871854)'::point, 7, 2.3554365, 48.871854),
(100, 'La Ferme', '', 'Paris', NULL, 'France', '(2.353734,48.872918)'::point, 7, 2.353734, 48.872918),
(101, 'Le Mauri 7', '', 'Paris', NULL, 'France', '(2.3538932,48.8715706)'::point, 7, 2.3538932, 48.8715706),
(102, 'La Mécanique des Fluides', '', 'Paris', NULL, 'France', '(2.3520923,48.8711171)'::point, 7, 2.3520923, 48.8711171),
(103, 'Monsieur le Zinc', '', 'Paris', NULL, 'France', '(2.3519491,48.8707177)'::point, 7, 2.3519491, 48.8707177),
(104, 'Le Bar des Fils', '', 'Paris', NULL, 'France', '(2.3435477,48.873542)'::point, 7, 2.3435477, 48.873542),
(105, 'Dédé La Frite', '', 'Paris', NULL, 'France', '(2.3426209,48.8698293)'::point, 7, 2.3426209, 48.8698293),
(106, 'A L''Angle bar à fléchettes', '', 'Paris', NULL, 'France', '(2.3477774,48.8685909)'::point, 7, 2.3477774, 48.8685909),
(107, 'Ti'' Cap', '', 'Paris', NULL, 'France', '(2.3603464,48.8680866)'::point, 7, 2.3603464, 48.8680866),
(108, 'LES TRIPLETTES DE BELLEVILLE', '', 'Paris', NULL, 'France', '(2.3789906,48.8705506)'::point, 7, 2.3789906, 48.8705506),
(109, 'Monsieur Culbuto - Brasserie & Bar Paris 20', '', 'Paris', NULL, 'France', '(2.3925299,48.8716899)'::point, 7, 2.3925299, 48.8716899),
(110, 'Corcoran''s Irish Pub Lilas', '', 'Paris', NULL, 'France', '(2.4093331,48.8773906)'::point, 7, 2.4093331, 48.8773906),
(111, 'Gossima Ping Pong Bar', '', 'Paris', NULL, 'France', '(2.3826903,48.8648615)'::point, 7, 2.3826903, 48.8648615),
(112, 'L''Impasse', '', 'Paris', NULL, 'France', '(2.3792813,48.866475)'::point, 7, 2.3792813, 48.866475),
(113, 'MOJO BAR', '', 'Paris', NULL, 'France', '(2.3785204,48.866058)'::point, 7, 2.3785204, 48.866058),
(114, 'La Place Verte', '', 'Paris', NULL, 'France', '(2.3775174,48.8659379)'::point, 7, 2.3775174, 48.8659379),
(115, 'Le BAP', '', 'Paris', NULL, 'France', '(2.3770144,48.8658368)'::point, 7, 2.3770144, 48.8658368),
(116, 'Wall Street Oberkampf', '', 'Paris', NULL, 'France', '(2.3757022,48.8647938)'::point, 7, 2.3757022, 48.8647938),
(117, 'L''Alimentation Générale', '64 Rue Jean-Pierre Timbaud', 'Paris', '75011', 'France', '(2.3744867,48.8667023)'::point, 7, 2.3744867, 48.8667023),
(118, 'Rockstar Café', '', 'Paris', NULL, 'France', '(2.3704967,48.8633448)'::point, 7, 2.3704967, 48.8633448),
(119, 'CHEZ BOUBOULE CURLING !', '', 'Paris', NULL, 'France', '(2.350895,48.8658203)'::point, 7, 2.350895, 48.8658203),
(120, 'Reset', '', 'Paris', NULL, 'France', '(2.3483795,48.8633696)'::point, 7, 2.3483795, 48.8633696),
(121, 'Celtic Clover / Châtelet-Les Halles', '', 'Paris', NULL, 'France', '(2.3483097,48.8631204)'::point, 7, 2.3483097, 48.8631204),
(122, 'L''Everest bar Beaubourg', '', 'Paris', NULL, 'France', '(2.3520087,48.8621299)'::point, 7, 2.3520087, 48.8621299),
(123, 'Bar des Halles', '', 'Paris', NULL, 'France', '(2.344285,48.8610896)'::point, 7, 2.344285, 48.8610896),
(124, 'O''Sullivans Rebel Bar, Bar / Pub Châtelet', '', 'Paris', NULL, 'France', '(2.3498547,48.859186)'::point, 7, 2.3498547, 48.859186),
(125, 'freedj', '', 'Paris', NULL, 'France', '(2.3549069,48.8585818)'::point, 7, 2.3549069, 48.8585818),
(126, 'Scilicet', '', 'Paris', NULL, 'France', '(2.3465997,48.8572409)'::point, 7, 2.3465997, 48.8572409),
(127, 'Ni une ni deux', '', 'Paris', NULL, 'France', '(2.3400769,48.8558034)'::point, 7, 2.3400769, 48.8558034),
(128, 'Blue Bay Bar', '', 'Paris', NULL, 'France', '(2.371863,48.8542082)'::point, 7, 2.371863, 48.8542082),
(129, 'Le Café de la Plage', '', 'Paris', NULL, 'France', '(2.379366,48.8534949)'::point, 7, 2.379366, 48.8534949),
(130, 'Fitzroy', '', 'Paris', NULL, 'France', '(2.3728738,48.8522902)'::point, 7, 2.3728738, 48.8522902),
(131, 'JO&JOE Paris Nation', '', 'Paris', NULL, 'France', '(2.4009537,48.8524511)'::point, 7, 2.4009537, 48.8524511),
(132, 'Le Bar à Mines', '', 'Paris', NULL, 'France', '(2.3743604,48.8494765)'::point, 7, 2.3743604, 48.8494765),
(133, 'Gamelle', '', 'Paris', NULL, 'France', '(2.3744711,48.8479628)'::point, 7, 2.3744711, 48.8479628),
(134, 'Ground Control', '', 'Paris', NULL, 'France', '(2.3816725,48.8438517)'::point, 7, 2.3816725, 48.8438517),
(135, 'BRASSERIE LE NOUVEL INSTITUT', '', 'Paris', NULL, 'France', '(2.355606,48.84923)'::point, 7, 2.355606, 48.84923),
(136, 'The Long Hop Pub Paris - Sports Bar & Afterwork', '', 'Paris', NULL, 'France', '(2.3490203,48.8505205)'::point, 7, 2.3490203, 48.8505205),
(137, 'Aux Rattrapages', '', 'Paris', NULL, 'France', '(2.3549713,48.8487613)'::point, 7, 2.3549713, 48.8487613),
(138, 'Little big bear', '', 'Paris', NULL, 'France', '(2.3402646,48.8495548)'::point, 7, 2.3402646, 48.8495548),
(139, 'L''Antidote', '', 'Paris', NULL, 'France', '(2.3491667,48.8452778)'::point, 7, 2.3491667, 48.8452778),
(140, 'Nuno''s Bar', '', 'Paris', NULL, 'France', '(2.3416338,48.8418878)'::point, 7, 2.3416338, 48.8418878),
(141, 'Aubrac Corner 13', '', 'Paris', NULL, 'France', '(2.3707405,48.8385866)'::point, 7, 2.3707405, 48.8385866),
(142, 'Les Spectacles', '', 'Paris', NULL, 'France', '(2.3803708,48.8394753)'::point, 7, 2.3803708, 48.8394753),
(143, 'Le Papa Cabane', '', 'Paris', NULL, 'France', '(2.3807816,48.8381634)'::point, 7, 2.3807816, 48.8381634),
(144, 'Le 3Bis', '', 'Paris', NULL, 'France', '(2.3872956,48.8331996)'::point, 7, 2.3872956, 48.8331996),
(145, 'Chai 33 Restaurant, Bar, Cave à Vin, Terrasse Paris Bercy', '', 'Paris', NULL, 'France', '(2.3864915,48.8331824)'::point, 7, 2.3864915, 48.8331824),
(146, 'DISTRICT B', '', 'Paris', NULL, 'France', '(2.3865221,48.8322719)'::point, 7, 2.3865221, 48.8322719),
(147, 'Dupont Café Bibliothèque', '', 'Paris', NULL, 'France', '(2.378688,48.82898)'::point, 7, 2.378688, 48.82898),
(148, 'Incubateur de Fraîcheur', '', 'Paris', NULL, 'France', '(2.3700693,48.8336868)'::point, 7, 2.3700693, 48.8336868),
(149, 'Les Mauvais Joueurs Austerlitz, bar à jeux Paris 13', '', 'Paris', NULL, 'France', '(2.3725624,48.8371732)'::point, 7, 2.3725624, 48.8371732),
(150, 'Le Café du Village Paris', '', 'Paris', NULL, 'France', '(2.3581996,48.8311139)'::point, 7, 2.3581996, 48.8311139),
(151, 'Sputnik - Bar à Fléchettes', '', 'Paris', NULL, 'France', '(2.351073,48.827983)'::point, 7, 2.351073, 48.827983),
(152, 'L''Eclosion', '', 'Paris', NULL, 'France', '(2.3221862,48.8343199)'::point, 7, 2.3221862, 48.8343199),
(153, 'Food Society Paris', '', 'Paris', NULL, 'France', '(2.3220713,48.838429)'::point, 7, 2.3220713, 48.838429),
(154, 'Choubidou Paris Montparnasse', '', 'Paris', NULL, 'France', '(2.3177803,48.8369109)'::point, 7, 2.3177803, 48.8369109),
(155, 'LE BAR DE LA VAGUE', '', 'Paris', NULL, 'France', '(2.2944825,48.8423947)'::point, 7, 2.2944825, 48.8423947),
(156, 'Bonnotte Club', '', 'Paris', NULL, 'France', '(2.2902288,48.8579401)'::point, 7, 2.2902288, 48.8579401),
(157, 'A la Ville d''Epinal', '', 'Paris', NULL, 'France', '(2.357603,48.8768001)'::point, 7, 2.357603, 48.8768001);

-- 4. Modeles
INSERT INTO modeles (id_modele, nom_modele, marque, taille, matière, couleur) VALUES
(1, 'Classic', 'Bonzini', NULL, NULL, NULL),
(2, 'Bonzini B60', 'Bonzini', 'Standard', 'Bois', 'Naturel'),
(3, 'Bonzini B90', 'Bonzini', 'Standard', 'Bois', 'Naturel'),
(4, 'Carlsberg', 'Carlsberg', 'Standard', 'Bois', 'Naturel'),
(5, 'Catenaccio Sportivo bois foncé', 'Catenaccio', 'Standard', 'Bois', 'Foncé');

-- 5. Babyfoots (Liaison Lieu <-> Modele)
INSERT INTO Babyfoots (id_modele, id_lieu, prix, nombre) VALUES
(1,1,NULL,NULL),
(3,74,'Gratuit',1),
(2,75,'10€ l''heure',1),
(2,76,'1€ la partie',1),
(2,77,'1€ la partie',1),
(5,78,'1€ la partie',1),
(2,79,'1€ la partie',1),
(4,80,'1€ la partie',1),
(2,81,'1€ la partie',1),
(2,82,'1€ la partie',1),
(2,83,'1€ la partie',1),
(2,84,'1€ la partie',1),
(2,85,'1€ la partie',1),
(2,86,'1€ la partie',1),
(2,87,'1€ la partie',1),
(2,88,'1€ la partie',1),
(2,89,'1€ la partie',1),
(2,90,'1€ la partie',1),
(2,91,'1€ la partie',1),
(2,92,'1€ la partie',1),
(2,93,'1€ la partie',1),
(2,94,'1€ la partie',1),
(2,95,'1€ la partie',1),
(2,96,'1€ la partie',1),
(2,97,'1€ la partie',1),
(2,98,'1€ la partie',1),
(2,99,'1€ la partie',1),
(2,100,'50 ct la partie',1),
(2,101,'1€ la partie',1),
(2,102,'1€ la partie',1),
(2,103,'1€ la partie',1),
(2,104,'1€ la partie',1),
(2,105,'1€ la partie',1),
(2,106,'1€ la partie',1),
(2,107,'1€ la partie',1),
(2,108,'1€ la partie',1),
(2,109,'1€ la partie',1),
(2,110,'1€ la partie',1),
(2,111,'1€ la partie',1),
(2,112,'1€ la partie',1),
(2,113,'1€ la partie',1),
(2,114,'1€ la partie',1),
(2,115,'1€ la partie',1),
(2,116,'1€ la partie',1),
(2,117,'1€ la partie',1),
(2,118,'1€ la partie',1),
(2,119,'1€ la partie',1),
(2,120,'Gratuit',1),
(2,121,'50 ct la partie',1),
(2,122,'50 ct la partie',1),
(2,123,'1€ la partie',1),
(2,124,'1€ la partie',1),
(2,125,'1€ la partie',1),
(2,126,'1€ la partie',1),
(2,127,'1€ la partie',1),
(2,128,'1€ la partie',1),
(2,129,'1€ la partie',1),
(2,130,'1€ la partie',1),
(2,131,'1€ la partie',1),
(2,132,'1€ la partie',1),
(2,133,'Gratuit',1),
(2,134,'1€ la partie',1),
(2,135,'1€ la partie',1),
(2,136,'1€ la partie',1),
(2,137,'1€ la partie',1),
(2,138,'1€ la partie',1),
(2,139,'1€ la partie',1),
(2,140,'1€ la partie',1),
(2,142,'1€ la partie',1),
(2,143,'1€ la partie',1),
(2,146,'1€ la partie',1),
(2,147,'1€ la partie',1),
(2,148,'1€ la partie',1),
(2,150,'1€ la partie',1),
(2,151,'1€ la partie',1),
(2,152,'1€ la partie',1),
(2,153,'1€ la partie',1),
(2,154,'1€ la partie',1),
(2,155,'1€ la partie',1),
(2,156,'1€ la partie',1),
(2,157,'1€ la partie',1);

-- 6. Matchs
INSERT INTO matchs
(id_match, id_joueur1, id_joueur2, id_babyfoot, score_joueur1, score_joueur2, date_match, heure_match, statut_validation, elo_joueur1_avant, elo_joueur2_avant, elo_joueur1_apres, elo_joueur2_apres, elo_variation_joueur1, elo_variation_joueur2)
VALUES
(1, 1, 2, 1, 10, 5, '2024-01-15', '15:30:00', 'validé', 1500, 1500, 1516, 1484, 16, -16),
(2, 3, 4, 1, 7, 10, '2024-01-16', '16:00:00', 'validé', 1500, 1500, 1484, 1516, -16, 16),
(3, 1, 3, 1, 8, 8, '2024-01-17', '17:30:00', 'validé', 1516, 1484, 1515, 1485, -1, 1),
(4, 2, 4, 1, 10, 7, '2024-01-18', '18:00:00', 'validé', 1484, 1516, 1501, 1499, 17, -17);

-- 7. Historique ELO
INSERT INTO historique_elo
(id_historique, id_utilisateur, id_match, elo_avant, elo_apres, variation, date_changement)
VALUES
(1, 1, 1, 1500, 1516, 16, '2025-11-24 22:51:03.000'),
(2, 2, 1, 1500, 1484, -16, '2025-11-24 22:51:03.000'),
(3, 3, 2, 1500, 1484, -16, '2025-11-24 22:51:03.000'),
(4, 4, 2, 1500, 1516, 16, '2025-11-24 22:51:03.000'),
(5, 1, 3, 1516, 1515, -1, '2025-11-24 22:51:04.000'),
(6, 3, 3, 1484, 1485, 1, '2025-11-24 22:51:04.000'),
(7, 2, 4, 1484, 1501, 17, '2025-11-24 22:51:04.000'),
(8, 4, 4, 1516, 1499, -17, '2025-11-24 22:51:04.000');

-- 8. Permissions
INSERT INTO roles_permissions (id_permission, "role", "action", table_cible) VALUES
(1, 'visiteur', 'READ', 'Evenements'),
(2, 'visiteur', 'READ', 'Classement'),
(3, 'joueur', 'CREATE', 'Matchs'),
(4, 'joueur', 'READ', 'Matchs'),
(5, 'joueur', 'UPDATE', 'Matchs'),
(6, 'joueur', 'CREATE', 'Avis'),
(7, 'joueur', 'READ', 'Avis'),
(8, 'joueur', 'READ', 'Classement'),
(9, 'organisateur', 'CREATE', 'Evenements'),
(10, 'organisateur', 'UPDATE', 'Evenements'),
(11, 'organisateur', 'READ', 'Lieux'),
(12, 'organisateur', 'CREATE', 'Lieux'),
(13, 'organisateur', 'UPDATE', 'Lieux'),
(14, 'organisateur', 'CREATE', 'Babyfoots'),
(15, 'organisateur', 'UPDATE', 'Babyfoots'),
(16, 'admin', 'CREATE', 'ALL'),
(17, 'admin', 'READ', 'ALL'),
(18, 'admin', 'UPDATE', 'ALL'),
(19, 'admin', 'DELETE', 'ALL');
